,AAPL,MSFT,AMZN,META,NVDA,SPY,TLT,GLD
AAPL,0.09721286902726729,0.06349830686309835,0.06510711745616099,0.07060046433893255,0.0937697082774144,0.047971747975220316,-0.004498485462950382,0.0029644299617540347
MSFT,0.06349830686309835,0.08237160126333251,0.068702578468205,0.0735628607473938,0.09903916398767228,0.04614270920128568,-0.004915460382512792,0.0028073878769829057
AMZN,0.06510711745616099,0.068702578468205,0.11925599330311915,0.08936218737019656,0.10577777215147528,0.0461208637206439,-0.0019628427754076576,0.003418209456712073
META,0.07060046433893255,0.0735628607473938,0.08936218737019656,0.1751771903099402,0.1153918323054174,0.05164898256747844,-0.004302487826639885,0.003221722212596591
NVDA,0.0937697082774144,0.09903916398767228,0.10577777215147528,0.1153918323054174,0.2689856075256061,0.07129402211942533,-0.005620853205884434,0.0046433052045445206
SPY,0.047971747975220316,0.04614270920128568,0.0461208637206439,0.05164898256747844,0.07129402211942533,0.0389353737447322,-0.004807692254698267,0.0027469024706114954
TLT,-0.004498485462950382,-0.004915460382512792,-0.0019628427754076576,-0.004302487826639885,-0.005620853205884434,-0.004807692254698267,0.02553926206344152,0.006240296860843201
GLD,0.0029644299617540347,0.0028073878769829057,0.003418209456712073,0.003221722212596591,0.0046433052045445206,0.0027469024706114954,0.006240296860843201,0.021709320505604514
